rank,priority,score,handoff_ready,next_action,name,mobile,email,city,interested_asset,budget,financial_readiness,timeline,qualification_status,human_requested,reason_ar,reason_en,sources,last_interaction_at,hubspot_contact_id,hubspot_deal_id
1,P1,100,YES,CALL NOW - guide auction registration,أبو سعود,+966502223344,,,فيلا سكنية - حي النخيل - الدمام,up to 1.5M SAR,cash,this_auction,qualified,,P1 (100/100) | فيلا سكنية - حي النخيل - الدمام | الميزانية حتى 1.5M ريال (مناسبة) | السيولة جاهزة (كاش) | يرغب بالمشاركة في هذا المزاد | تم تعديل الميزانية,P1 (100/100) | Villa - Al Nakheel - Dammam | budget up to 1.5M SAR (fits) | cash ready | wants to bid in this auction | budget was revised,whatsapp,2026-09-27T00:27:59Z,877197209798,523045601499
2,P1,85,YES,CALL NOW - guide auction registration,Khalid Al-Otaibi,+966551234567,khalid.test@example.com,Khobar,عمارة تجارية - حي التحلية - الخبر,7.65M-10.35M SAR,cash,this_auction,qualified,,P1 (85/100) | عمارة تجارية - حي التحلية - الخبر | الميزانية 7.65M-10.35M ريال (مناسبة) | السيولة جاهزة (كاش) | يرغب بالمشاركة في هذا المزاد | تم تعديل الميزانية,P1 (85/100) | Commercial building - Al Tahlia - Khobar | budget 7.65M-10.35M SAR (fits) | cash ready | wants to bid in this auction | budget was revised,landing_page+meta_lead_ads,2026-09-26T17:35:56Z,877071887585,
3,P1,85,YES,CALL NOW - guide auction registration,راكان المطيري,+966577001122,,,فيلا سكنية - حي طيبة - الدمام,2M SAR,cash,this_auction,qualified,,P1 (85/100) | فيلا سكنية - حي طيبة - الدمام | الميزانية 2M ريال (مناسبة) | السيولة جاهزة (كاش) | يرغب بالمشاركة في هذا المزاد,P1 (85/100) | Villa - Taiba - Dammam | budget 2M SAR (fits) | cash ready | wants to bid in this auction,landing_page,2026-09-27T10:26:10Z,877370233043,523062416580
4,P1,85,YES,CALL NOW - guide auction registration,عبدالله الحربي,+966533334444,,,عمارة سكنية - حي الجلوية - الدمام,5M SAR,financing_approved,this_auction,qualified,,P1 (85/100) | عمارة سكنية - حي الجلوية - الدمام | الميزانية 5M ريال (مناسبة) | تمويل معتمد | يرغب بالمشاركة في هذا المزاد,P1 (85/100) | Residential building - Al Jalawiyah - Dammam | budget 5M SAR (fits) | financing approved | wants to bid in this auction,meta_lead_ads,2026-09-27T07:00:16Z,876451255533,523000501461
5,P1,85,YES,CALL NOW - guide auction registration,سارة,+966562223333,sara.test@example.com,Khobar,فيلا سكنية - حي العقربية - الخبر,2M-3M SAR,financing_approved,this_auction,qualified,,P1 (85/100) | فيلا سكنية - حي العقربية - الخبر | الميزانية 2M-3M ريال (مناسبة) | تمويل معتمد | يرغب بالمشاركة في هذا المزاد,P1 (85/100) | Villa - Al Aqrabiyah - Khobar | budget 2M-3M SAR (fits) | financing approved | wants to bid in this auction,meta_lead_ads+landing_page+whatsapp,2026-09-27T09:53:43Z,877105053902,523002347749
6,P2,33,YES,CALL NOW - customer asked for a person,فهد,+966544332211,,,عمارة تجارية - حي التحلية - الخبر,unknown,unknown,unknown,handoff_requested,YES,P2 (33/100) | طلب التحدث مع موظف - اتصل الآن | عمارة تجارية - حي التحلية - الخبر | الميزانية غير معروفة | الجاهزية المالية غير معروفة | التوقيت غير معروف | ناقص: الميزانية، التمويل، التوقيت | رُفع إلى P2: طلب موظف,"P2 (33/100) | ASKED FOR A PERSON - call now | Commercial building - Al Tahlia - Khobar | budget unknown | funding unknown | timeline unknown | missing: budget, financing, timeline | raised to P2: asked for a person",whatsapp,2026-09-27T10:00:03Z,877366388950,523079756008
7,P2,25,YES,CALL NOW - customer asked for a person,هند,+966555667788,,,فيلا سكنية (بدون تحديد الحي),unknown,unknown,unknown,handoff_requested,YES,P2 (25/100) | طلب التحدث مع موظف - اتصل الآن | فيلا سكنية (بدون تحديد الحي) | الميزانية غير معروفة | الجاهزية المالية غير معروفة | التوقيت غير معروف | ناقص: الميزانية، التمويل، التوقيت | رُفع إلى P2: طلب موظف,"P2 (25/100) | ASKED FOR A PERSON - call now | Villa (district not chosen) | budget unknown | funding unknown | timeline unknown | missing: budget, financing, timeline | raised to P2: asked for a person",whatsapp,2026-09-27T07:00:35Z,877280797913,523060393185
8,P2,5,YES,CALL NOW - customer asked for a person,تركي,+966511223355,,,العقار غير محدد,unknown,unknown,unknown,handoff_requested,YES,P2 (5/100) | طلب التحدث مع موظف - اتصل الآن | العقار غير محدد | الميزانية غير معروفة | الجاهزية المالية غير معروفة | التوقيت غير معروف | ناقص: العقار، الميزانية، التمويل، التوقيت | رُفع إلى P2: طلب موظف,"P2 (5/100) | ASKED FOR A PERSON - call now | asset unknown | budget unknown | funding unknown | timeline unknown | missing: asset, budget, financing, timeline | raised to P2: asked for a person",whatsapp,2026-09-27T00:28:10Z,877199589593,523045542099
9,P2,65,YES,Follow up - complete: confirm interest,Ahmad Saleh,,ahmad.test@example.com,Khobar,فيلا سكنية (بدون تحديد الحي),3M SAR,cash,within_3_months,qualified,,P2 (65/100) | فيلا سكنية (بدون تحديد الحي) | الميزانية 3M ريال (مناسبة) | السيولة جاهزة (كاش) | خلال 3 أشهر,P2 (65/100) | Villa (district not chosen) | budget 3M SAR (fits) | cash ready | within 3 months,landing_page,2026-09-27T09:35:12Z,877332940008,523080506615
10,P2,70,no,Follow up - resolve financing,ماجد,+966544556677,,,شقة سكنية - حي النور - الدمام,850K-1.15M SAR,financing_needed,unknown,in_qualification,,P2 (70/100) | شقة سكنية - حي النور - الدمام | الميزانية 850K-1.15M ريال (مناسبة) | يحتاج تمويل | التوقيت غير معروف | ناقص: التوقيت | بقي P2: التمويل غير محسوم,P2 (70/100) | Apartment - Al Nour - Dammam | budget 850K-1.15M SAR (fits) | needs financing | timeline unknown | missing: timeline | held at P2: financing unresolved,whatsapp,2026-09-27T07:00:24Z,877307097305,523074798823
11,P2,55,no,Follow up - resolve financing,لطيفة,+966509998877,,Khobar,شقة سكنية - حي النور - الدمام,1M SAR,financing_needed,unknown,in_qualification,,P2 (55/100) | شقة سكنية - حي النور - الدمام | الميزانية 1M ريال (مناسبة) | يحتاج تمويل | التوقيت غير معروف | ناقص: التوقيت,P2 (55/100) | Apartment - Al Nour - Dammam | budget 1M SAR (fits) | needs financing | timeline unknown | missing: timeline,landing_page,2026-09-27T09:35:25Z,877228401860,523080294609
12,P3,33,no,Review conversation and clarify: budget,عمر,+966533221199,,,فيلا سكنية - حي العقربية - الخبر,unknown,unknown,unknown,needs_review,,P3 (33/100) | فيلا سكنية - حي العقربية - الخبر | الميزانية غير معروفة | الجاهزية المالية غير معروفة | التوقيت غير معروف | يحتاج مراجعة: الميزانية,P3 (33/100) | Villa - Al Aqrabiyah - Khobar | budget unknown | funding unknown | timeline unknown | needs review: budget,whatsapp,2026-09-27T09:59:57Z,877366387935,523062322419
13,P3,27,no,"Nurture on WhatsApp - agent collecting: budget, financing, timeline",ريم,+966577778899,,,شقة سكنية - حي النور - الدمام,unknown,unknown,unknown,in_qualification,,P3 (27/100) | شقة سكنية - حي النور - الدمام | الميزانية غير معروفة | الجاهزية المالية غير معروفة | التوقيت غير معروف | ناقص: الميزانية، التمويل، التوقيت,"P3 (27/100) | Apartment - Al Nour - Dammam | budget unknown | funding unknown | timeline unknown | missing: budget, financing, timeline",whatsapp,2026-09-27T00:28:31Z,877225323728,523045577922
14,P3,25,no,Contact later as requested,لمى,+966566778899,,,فيلا سكنية (بدون تحديد الحي),unknown,unknown,unknown,in_qualification,,P3 (25/100) | فيلا سكنية (بدون تحديد الحي) | الميزانية غير معروفة | الجاهزية المالية غير معروفة | التوقيت غير معروف | طلب التواصل لاحقاً | ناقص: الميزانية، التمويل، التوقيت,"P3 (25/100) | Villa (district not chosen) | budget unknown | funding unknown | timeline unknown | asked to be contacted later | missing: budget, financing, timeline",whatsapp,2026-09-27T07:04:41Z,877305527504,523060317431
15,P3,13,no,Review conversation and clarify: budget,سلطان,+966599990011,,,العقار غير محدد,unknown,unknown,unknown,needs_review,,P3 (13/100) | العقار غير محدد | الميزانية غير معروفة | الجاهزية المالية غير معروفة | التوقيت غير معروف | يحتاج مراجعة: الميزانية,P3 (13/100) | asset unknown | budget unknown | funding unknown | timeline unknown | needs review: budget,whatsapp,2026-09-27T00:28:37Z,877221517551,523046133989
16,P3,5,no,"Nurture on WhatsApp - agent collecting: asset, budget, financing, timeline",بدر,+966533221100,,,العقار غير محدد,unknown,unknown,unknown,in_qualification,,P3 (5/100) | العقار غير محدد | الميزانية غير معروفة | الجاهزية المالية غير معروفة | التوقيت غير معروف | ناقص: العقار، الميزانية، التمويل، التوقيت,"P3 (5/100) | asset unknown | budget unknown | funding unknown | timeline unknown | missing: asset, budget, financing, timeline",whatsapp,2026-09-27T09:53:49Z,877386128593,523062008055
17,P3,5,no,"Nurture on WhatsApp - agent collecting: asset, budget, financing, timeline",محمد الدوسري,+966544445555,,,العقار غير محدد,unknown,unknown,unknown,in_qualification,,P3 (5/100) | العقار غير محدد | الميزانية غير معروفة | الجاهزية المالية غير معروفة | التوقيت غير معروف | ناقص: العقار، الميزانية، التمويل، التوقيت,"P3 (5/100) | asset unknown | budget unknown | funding unknown | timeline unknown | missing: asset, budget, financing, timeline",landing_page,2026-09-27T07:00:44Z,877307729114,523074537692
18,P3,5,no,"Nurture on WhatsApp - agent collecting: asset, budget, financing, timeline",أبو فهد,+966501112222,,,العقار غير محدد,unknown,unknown,unknown,in_qualification,,P3 (5/100) | العقار غير محدد | الميزانية غير معروفة | الجاهزية المالية غير معروفة | التوقيت غير معروف | ناقص: العقار، الميزانية، التمويل، التوقيت,"P3 (5/100) | asset unknown | budget unknown | funding unknown | timeline unknown | missing: asset, budget, financing, timeline",whatsapp,2026-09-27T00:11:22Z,877105972448,523024223477
19,Disqualified,53,no,No action - Confirmed budget far below every asset in this auction,سعد,+966522334455,,,,200K SAR,cash,unknown,disqualified,,Disqualified: الميزانية المؤكدة أقل بكثير من جميع أصول المزاد.,Disqualified: Confirmed budget far below every asset in this auction.,whatsapp,2026-09-27T10:10:53Z,877360325875,523080981719
20,Disqualified,7,no,No action - Customer stated no interest,نوف,+966511998866,,,,unknown,unknown,unknown,disqualified,,Disqualified: أفاد العميل بعدم اهتمامه.,Disqualified: Customer stated no interest.,whatsapp,2026-09-27T10:12:21Z,877391591620,523062147321
21,Disqualified,5,no,No action - Customer asked not to be contacted,مشاعل,+966511998877,,,,unknown,unknown,unknown,disqualified,,Disqualified: طلب العميل عدم التواصل.,Disqualified: Customer asked not to be contacted.,whatsapp,2026-09-27T10:11:00Z,877362674875,523081063654
22,Disqualified,0,no,No action - No valid mobile or email to contact,يوسف,,,,,unknown,unknown,unknown,disqualified,,Disqualified: لا يوجد رقم جوال أو بريد صالح للتواصل.,Disqualified: No valid mobile or email to contact.,landing_page,2026-09-27T09:35:17Z,877304285387,523080191182